f_center_hz,p_db,bw_hz_est,snr_db_est
-444335.9375,-101.50704193115234,6137695.3125,19.502891540527344
