{
  "wav": "C:\\Users\\Sean_Temp\\Documents\\Test_files\\test3.wav",
  "fs_header_hz": 2048000.0,
  "fs_used_hz": 1818181.8181818181,
  "original_fs_hz": 20000000.0,
  "duration_s": 35.5987456,
  "original_duration_s": 32.362496,
  "samples_processed": 64724992,
  "original_samples": 647249920,
  "nperseg": 4096,
  "overlap": 0.5,
  "noise_floor_db": -97.51012420654297,
  "num_carriers": 15,
  "cfar": {
    "k": 3.0,
    "guard": 1,
    "train": 6
  },
  "prom_db": 8.0,
  "optimization": {
    "used_sampling": true,
    "reduction_factor": 10.787498666666666,
    "target_duration_s": 3.0,
    "memory_estimate_mb": 1795.5625,
    "waterfall_shape": [
      4096,
      3951
    ]
  },
  "irr_analysis": {
    "conv_applied": "Q+I",
    "corrected_irr_db": -14.791393794893029,
    "step1_irr_db": 6.00166053814168,
    "step1_convention": "Q+jI",
    "irr_improvement_db": -20.79305433303471,
    "step1_file": "out_report\\20250924-174628_test3\\run_test3_20250924_174628\\sanity_check_test3_stats.json"
  }
}