f_center_hz,p_db,bw_hz_est,snr_db_est
-449218.75,-102.051513671875,6679687.5,18.933563232421875
