f_center_hz,p_db,bw_hz_est,snr_db_est
-48157.9350490196,-93.29563903808594,382.9656862744596,12.183197021484375
-5840.2267156862745,-94.432373046875,239.35355392153724,11.046463012695312
25419.347426470587,-88.93887329101562,430.83639705876703,16.539962768554688
