{
  "wav": "C:\\Users\\Sean_Temp\\Documents\\Test_files\\16-32-22_538000000Hz.wav",
  "fs_header_hz": 10000000.0,
  "fs_used_hz": 4000000.0,
  "original_fs_hz": 20000000.0,
  "duration_s": 16.7936,
  "original_duration_s": 13.43488,
  "samples_processed": 67174400,
  "original_samples": 268697600,
  "nperseg": 4096,
  "overlap": 0.5,
  "noise_floor_db": -81.04165649414062,
  "num_carriers": 0,
  "cfar": {
    "k": 3.0,
    "guard": 1,
    "train": 6
  },
  "prom_db": 8.0,
  "optimization": {
    "used_sampling": true,
    "reduction_factor": 4.478293333333333,
    "target_duration_s": 3.0,
    "memory_estimate_mb": 1639.9375,
    "waterfall_shape": [
      4096,
      3859
    ]
  },
  "irr_analysis": {
    "conv_applied": "Q+I",
    "corrected_irr_db": 2.0824359508489594,
    "step1_irr_db": 0.5489433420896388,
    "step1_convention": "Q+jI",
    "irr_improvement_db": 1.5334926087593206,
    "step1_file": "out_report\\20250924-171602_16-32-22_538000000Hz\\run_16-32-22_538000000Hz_20250924_171603\\sanity_check_16-32-22_538000000Hz_stats.json"
  }
}